{
  "project_info": {
    "project_number": "810481217189",
    "project_id": "needify-bd59d",
    "storage_bucket": "needify-bd59d.appspot.com"
  },
  "client": [
    {
      "client_info": {
        "mobilesdk_app_id": "1:810481217189:android:cbe3b81da58e6c29a1274c",
        "android_client_info": {
          "package_name": "com.example.myapplication"
        }
      },
      "oauth_client": [
        {
          "client_id": "810481217189-1r2oqvpv3covtsqge8pjid8ejn70j39v.apps.googleusercontent.com",
          "client_type": 3
        }
      ],
      "api_key": [
        {
          "current_key": "AIzaSyAtE478WW3Olk0_m8M_8usozC6jumJ9xTQ"
        }
      ],
      "services": {
        "appinvite_service": {
          "other_platform_oauth_client": [
            {
              "client_id": "810481217189-1r2oqvpv3covtsqge8pjid8ejn70j39v.apps.googleusercontent.com",
              "client_type": 3
            }
          ]
        }
      }
    }
  ],
  "configuration_version": "1"
}